ID,Name,Email,Phone,Created,Status
0,,,,,
0,,,,,
0,,,,,
0,,,,,
0,,,,,
0,,,,,
0,,,,,
0,,,,,
0,,,,,
0,,,,,
0,,,,,
0,,,,,
0,,,,,
0,,,,,
0,,,,,
0,,,,,
0,,,,,
0,,,,,
0,,,,,
0,,,,,
0,,,,,
0,,,,,
0,,,,,
0,,,,,
0,,,,,
0,,,,,
0,,,,,
0,,,,,
0,,,,,
0,,,,,
0,,,,,
0,,,,,
0,,,,,
0,,,,,
0,,,,,
0,,,,,
0,,,,,
0,,,,,
0,,,,,
0,,,,,
0,,,,,
0,,,,,
0,,,,,
0,,,,,
0,,,,,
0,,,,,
0,,,,,
0,,,,,
0,,,,,
0,,,,,
0,,,,,
0,,,,,
0,,,,,
0,,,,,
0,,,,,
0,,,,,
0,,,,,
0,,,,,
0,,,,,
0,,,,,
0,,,,,
0,,,,,
0,,,,,
0,,,,,
0,,,,,
0,,,,,
0,,,,,
0,,,,,
0,,,,,
0,,,,,
0,,,,,
0,,,,,
0,,,,,
0,,,,,
0,,,,,
0,,,,,
0,,,,,
0,,,,,
0,,,,,
0,,,,,
0,,,,,
0,,,,,
0,,,,,
0,,,,,
0,,,,,
0,,,,,
0,,,,,
0,,,,,
0,,,,,
0,,,,,
0,,,,,
0,,,,,
0,,,,,
0,,,,,
0,,,,,
0,,,,,
0,,,,,
0,,,,,
0,,,,,
0,,,,,
0,,,,,
0,,,,,
0,,,,,
0,,,,,
0,,,,,
